{
"0": {
    "name": "Ocean",
    "temp" : 0,
    "rain" : 1,
    "colorR": [140, 140, 255],
    "colorG": [185, 185, 255],
    "colorB": [110, 110, 255]
},
"1": {
    "name": "Plains",
    "temp" : 0,
    "rain" : 1,
    "colorR": [155, 155, 255],
    "colorG": [188, 188, 255],
    "colorB": [85, 85, 255]
},
"2": {
    "name": "Desert",
    "temp" : 0,
    "rain" : 1,
    "colorR": [190, 190, 255],
    "colorG": [190, 190, 255],
    "colorB": [85, 85, 255]
},
"3": {
    "name": "Extreme Hills",
    "temp" : 0,
    "rain" : 1,
    "colorR": [140, 140, 255],
    "colorG": [182, 182, 255],
    "colorB": [134, 134, 255]
},
"4": {
    "name": "Forest",
    "temp" : 0,
    "rain" : 1,
    "colorR": [115, 115, 255],
    "colorG": [195, 195, 255],
    "colorB": [85, 85, 255]
},
"5": {
    "name": "Taiga",
    "temp" : 0,
    "rain" : 1,
    "colorR": [131, 131, 255],
    "colorG": [182, 182, 255],
    "colorB": [144, 144, 255]
},
"6": {
    "name": "Swampland",
    "temp" : 0,
    "rain" : 1,
    "colorR": [60, 60, 160],
    "colorG": [110, 110, 210],
    "colorB": [45, 45, 145]
},
"7": {
    "name": "",
    "temp" : 0,
    "rain" : 1,
    "colorR": [140, 140, 255],
    "colorG": [188, 188, 255],
    "colorB": [100, 100, 255]
},
"8": {
    "name": "",
    "temp" : 0,
    "rain" : 1,
    "colorR": [140, 140, 255],
    "colorG": [188, 188, 255],
    "colorB": [100, 100, 255]
},
"9": {
    "name": "",
    "temp" : 0,
    "rain" : 1,
    "colorR": [140, 140, 255],
    "colorG": [188, 188, 255],
    "colorB": [100, 100, 255]
},
"10": {
    "name": "",
    "temp" : 0,
    "rain" : 1,
    "colorR": [140, 140, 255],
    "colorG": [188, 188, 255],
    "colorB": [100, 100, 255]
},       
"11": {
    "name": "",
    "temp" : 0,
    "rain" : 1,
    "colorR": [140, 140, 255],
    "colorG": [188, 188, 255],
    "colorB": [100, 100, 255]
},
"12": {
    "name": "",
    "temp" : 0,
    "rain" : 1,
    "colorR": [140, 140, 255],
    "colorG": [188, 188, 255],
    "colorB": [100, 100, 255]
},
"13": {
    "name": "",
    "temp" : 0,
    "rain" : 1,
    "colorR": [140, 140, 255],
    "colorG": [188, 188, 255],
    "colorB": [100, 100, 255]
},
"14": {
    "name": "",
    "temp" : 0,
    "rain" : 1,
    "colorR": [140, 140, 255],
    "colorG": [188, 188, 255],
    "colorB": [100, 100, 255]
},
"15": {
    "name": "",
    "temp" : 0,
    "rain" : 1,
    "colorR": [140, 140, 255],
    "colorG": [188, 188, 255],
    "colorB": [100, 100, 255]
},
"16": {
    "name": "",
    "temp" : 0,
    "rain" : 1,
    "colorR": [140, 140, 255],
    "colorG": [188, 188, 255],
    "colorB": [100, 100, 255]
},
"17": {
    "name": "",
    "temp" : 0,
    "rain" : 1,
    "colorR": [140, 140, 255],
    "colorG": [188, 188, 255],
    "colorB": [100, 100, 255]
},
"18": {
    "name": "",
    "temp" : 0,
    "rain" : 1,
    "colorR": [140, 140, 255],
    "colorG": [188, 188, 255],
    "colorB": [100, 100, 255]
},
"19": {
    "name": "",
    "temp" : 0,
    "rain" : 1,
    "colorR": [140, 140, 255],
    "colorG": [188, 188, 255],
    "colorB": [100, 100, 255]
},
"20": {
    "name": "",
    "temp" : 0,
    "rain" : 1,
    "colorR": [140, 140, 255],
    "colorG": [188, 188, 255],
    "colorB": [100, 100, 255]
},
"21": {
    "name": "Jungle",
    "temp" : 0,
    "rain" : 1,
    "colorR": [90, 90, 255],
    "colorG": [200, 200, 255],
    "colorB": [60, 60, 255]
},
"22": {
    "name": "",
    "temp" : 0,
    "rain" : 1,
    "colorR": [140, 140, 255],
    "colorG": [188, 188, 255],
    "colorB": [100, 100, 255]
},
"23": {
    "name": "Jungle Edge",
    "temp" : 0,
    "rain" : 1,
    "colorR": [90, 90, 255],
    "colorG": [200, 200, 255],
    "colorB": [60, 60, 255]
},
"24": {
    "name": "",
    "temp" : 0,
    "rain" : 1,
    "colorR": [140, 140, 255],
    "colorG": [188, 188, 255],
    "colorB": [100, 100, 255]
},
"25": {
    "name": "",
    "temp" : 0,
    "rain" : 1,
    "colorR": [140, 140, 255],
    "colorG": [188, 188, 255],
    "colorB": [100, 100, 255]
},
"26": {
    "name": "",
    "temp" : 0,
    "rain" : 1,
    "colorR": [140, 140, 255],
    "colorG": [188, 188, 255],
    "colorB": [100, 100, 255]
},
"27": {
    "name": "",
    "temp" : 0,
    "rain" : 1,
    "colorR": [140, 140, 255],
    "colorG": [188, 188, 255],
    "colorB": [100, 100, 255]
},
"28": {
    "name": "",
    "temp" : 0,
    "rain" : 1,
    "colorR": [140, 140, 255],
    "colorG": [188, 188, 255],
    "colorB": [100, 100, 255]
},
"29": {
    "name": "",
    "temp" : 0,
    "rain" : 1,
    "colorR": [140, 140, 255],
    "colorG": [188, 188, 255],
    "colorB": [100, 100, 255]
},
"30": {
    "name": "",
    "temp" : 0,
    "rain" : 1,
    "colorR": [140, 140, 255],
    "colorG": [188, 188, 255],
    "colorB": [100, 100, 255]
},
"31": {
    "name": "",
    "temp" : 0,
    "rain" : 1,
    "colorR": [140, 140, 255],
    "colorG": [188, 188, 255],
    "colorB": [100, 100, 255]
},
"32": {
    "name": "",
    "temp" : 0,
    "rain" : 1,
    "colorR": [140, 140, 255],
    "colorG": [188, 188, 255],
    "colorB": [100, 100, 255]
},
"33": {
    "name": "",
    "temp" : 0,
    "rain" : 1,
    "colorR": [140, 140, 255],
    "colorG": [188, 188, 255],
    "colorB": [100, 100, 255]
},
"34": {
    "name": "",
    "temp" : 0,
    "rain" : 1,
    "colorR": [140, 140, 255],
    "colorG": [188, 188, 255],
    "colorB": [100, 100, 255]
},
"35": {
    "name": "",
    "temp" : 0,
    "rain" : 1,
    "colorR": [140, 140, 255],
    "colorG": [188, 188, 255],
    "colorB": [100, 100, 255]
},
"36": {
    "name": "",
    "temp" : 0,
    "rain" : 1,
    "colorR": [140, 140, 255],
    "colorG": [188, 188, 255],
    "colorB": [100, 100, 255]
},
"37": {
    "name": "",
    "temp" : 0,
    "rain" : 1,
    "colorR": [140, 140, 255],
    "colorG": [188, 188, 255],
    "colorB": [100, 100, 255]
},
"38": {
    "name": "",
    "temp" : 0,
    "rain" : 1,
    "colorR": [140, 140, 255],
    "colorG": [188, 188, 255],
    "colorB": [100, 100, 255]
},
"39": {
    "name": "",
    "temp" : 0,
    "rain" : 1,
    "colorR": [140, 140, 255],
    "colorG": [188, 188, 255],
    "colorB": [100, 100, 255]
},
"129": {
    "name": "Sunflower Plains",
    "temp" : 0,
    "rain" : 1,
    "colorR": [155, 155, 255],
    "colorG": [188, 188, 255],
    "colorB": [85, 85, 255]
},
"130": {
    "name": "",
    "temp" : 0,
    "rain" : 1,
    "colorR": [140, 140, 255],
    "colorG": [188, 188, 255],
    "colorB": [100, 100, 255]
},
"131": {
    "name": "",
    "temp" : 0,
    "rain" : 1,
    "colorR": [140, 140, 255],
    "colorG": [188, 188, 255],
    "colorB": [100, 100, 255]
},
"132": {
    "name": "Flower Forest",
    "temp" : 0,
    "rain" : 1,
    "colorR": [115, 115, 255],
    "colorG": [195, 195, 255],
    "colorB": [85, 85, 255]
},
"133": {
    "name": "",
    "temp" : 0,
    "rain" : 1,
    "colorR": [140, 140, 255],
    "colorG": [188, 188, 255],
    "colorB": [100, 100, 255]
},
"134": {
    "name": "",
    "temp" : 0,
    "rain" : 1,
    "colorR": [140, 140, 255],
    "colorG": [188, 188, 255],
    "colorB": [100, 100, 255]
},
"140": {
    "name": "",
    "temp" : 0,
    "rain" : 1,
    "colorR": [140, 140, 255],
    "colorG": [188, 188, 255],
    "colorB": [100, 100, 255]
},
"149": {
    "name": "Jungle M",
    "temp" : 0,
    "rain" : 1,
    "colorR": [90, 90, 255],
    "colorG": [200, 200, 255],
    "colorB": [60, 60, 255]
},
"151": {
    "name": "Jungle Edge M ",
    "temp" : 0,
    "rain" : 1,
    "colorR": [90, 90, 255],
    "colorG": [200, 200, 255],
    "colorB": [60, 60, 255]
},
"155": {
    "name": "",
    "temp" : 0,
    "rain" : 1,
    "colorR": [140, 140, 255],
    "colorG": [188, 188, 255],
    "colorB": [100, 100, 255]
},
"156": {
    "name": "",
    "temp" : 0,
    "rain" : 1,
    "colorR": [140, 140, 255],
    "colorG": [188, 188, 255],
    "colorB": [100, 100, 255]
},
"157": {
    "name": "",
    "temp" : 0,
    "rain" : 1,
    "colorR": [140, 140, 255],
    "colorG": [188, 188, 255],
    "colorB": [100, 100, 255]
},
"158": {
    "name": "",
    "temp" : 0,
    "rain" : 1,
    "colorR": [140, 140, 255],
    "colorG": [188, 188, 255],
    "colorB": [100, 100, 255]
},
"160": {
    "name": "",
    "temp" : 0,
    "rain" : 1,
    "colorR": [140, 140, 255],
    "colorG": [188, 188, 255],
    "colorB": [100, 100, 255]
},
"161": {
    "name": "",
    "temp" : 0,
    "rain" : 1,
    "colorR": [140, 140, 255],
    "colorG": [188, 188, 255],
    "colorB": [100, 100, 255]
},    
"162": {
    "name": "",
    "temp" : 0,
    "rain" : 1,
    "colorR": [140, 140, 255],
    "colorG": [188, 188, 255],
    "colorB": [100, 100, 255]
},  
"163": {
    "name": "",
    "temp" : 0,
    "rain" : 1,
    "colorR": [140, 140, 255],
    "colorG": [188, 188, 255],
    "colorB": [100, 100, 255]
},  
"164": {
    "name": "",
    "temp" : 0,
    "rain" : 1,
    "colorR": [140, 140, 255],
    "colorG": [188, 188, 255],
    "colorB": [100, 100, 255]
},        
"165": {
    "name": "",
    "temp" : 0,
    "rain" : 1,
    "colorR": [140, 140, 255],
    "colorG": [188, 188, 255],
    "colorB": [100, 100, 255]
},     
"166": {
    "name": "",
    "temp" : 0,
    "rain" : 1,
    "colorR": [140, 140, 255],
    "colorG": [188, 188, 255],
    "colorB": [100, 100, 255]
},     
"167": {
    "name": "",
    "temp" : 0,
    "rain" : 1,
    "colorR": [140, 140, 255],
    "colorG": [188, 188, 255],
    "colorB": [100, 100, 255]
}     
}
