{
"size": 32,
"row": 32,
"texture": {
"anvil_base.png" : 0,
"anvil_top_damaged_0.png" : 1,
"anvil_top_damaged_1.png" : 2,
"anvil_top_damaged_2.png" : 3,
"beacon.png" : 4,
"bedrock.png" : 5,
"bed_feet_end.png" : 6,
"bed_feet_side.png" : 7,
"bed_feet_top.png" : 8,
"bed_head_end.png" : 9,
"bed_head_side.png" : 10,
"bed_head_top.png" : 11,
"bookshelf.png" : 12,
"brewing_stand.png" : 13,
"brewing_stand_base.png" : 14,
"brick.png" : 15,
"cactus_bottom.png" : 16,
"cactus_side.png" : 17,
"cactus_top.png" : 18,
"cake_bottom.png" : 19,
"cake_inner.png" : 20,
"cake_side.png" : 21,
"cake_top.png" : 22,
"carrots_stage_0.png" : 23,
"carrots_stage_1.png" : 24,
"carrots_stage_2.png" : 25,
"carrots_stage_3.png" : 26,
"cauldron_bottom.png" : 27,
"cauldron_inner.png" : 28,
"cauldron_side.png" : 29,
"cauldron_top.png" : 30,
"clay.png" : 31,
"coal_block.png" : 32,
"coal_ore.png" : 33,
"cobblestone.png" : 34,
"cobblestone_mossy.png" : 35,
"cocoa_stage_0.png" : 36,
"cocoa_stage_1.png" : 37,
"cocoa_stage_2.png" : 38,
"command_block.png" : 39,
"comparator_off.png" : 40,
"comparator_on.png" : 41,
"crafting_table_front.png" : 42,
"crafting_table_side.png" : 43,
"crafting_table_top.png" : 44,
"daylight_detector_side.png" : 45,
"daylight_detector_top.png" : 46,
"deadbush.png" : 47,
"destroy_stage_0.png" : 48,
"destroy_stage_1.png" : 49,
"destroy_stage_2.png" : 50,
"destroy_stage_3.png" : 51,
"destroy_stage_4.png" : 52,
"destroy_stage_5.png" : 53,
"destroy_stage_6.png" : 54,
"destroy_stage_7.png" : 55,
"destroy_stage_8.png" : 56,
"destroy_stage_9.png" : 57,
"diamond_block.png" : 58,
"diamond_ore.png" : 59,
"dirt.png" : 60,
"dirt_podzol_side.png" : 61,
"dirt_podzol_top.png" : 62,
"dispenser_front_horizontal.png" : 63,
"dispenser_front_vertical.png" : 64,
"door_iron_lower.png" : 65,
"door_iron_upper.png" : 66,
"door_wood_lower.png" : 67,
"door_wood_upper.png" : 68,
"double_plant_fern_bottom.png" : 69,
"double_plant_fern_top.png" : 70,
"double_plant_grass_bottom.png" : 71,
"double_plant_grass_top.png" : 72,
"double_plant_paeonia_bottom.png" : 73,
"double_plant_paeonia_top.png" : 74,
"double_plant_rose_bottom.png" : 75,
"double_plant_rose_top.png" : 76,
"double_plant_sunflower_back.png" : 77,
"double_plant_sunflower_bottom.png" : 78,
"double_plant_sunflower_front.png" : 79,
"double_plant_sunflower_top.png" : 80,
"double_plant_syringa_bottom.png" : 81,
"double_plant_syringa_top.png" : 82,
"dragon_egg.png" : 83,
"dropper_front_horizontal.png" : 84,
"dropper_front_vertical.png" : 85,
"emerald_block.png" : 86,
"emerald_ore.png" : 87,
"enchanting_table_bottom.png" : 88,
"enchanting_table_side.png" : 89,
"enchanting_table_top.png" : 90,
"endframe_eye.png" : 91,
"endframe_side.png" : 92,
"endframe_top.png" : 93,
"end_stone.png" : 94,
"farmland_dry.png" : 95,
"farmland_wet.png" : 96,
"fern.png" : 97,
"fire_layer_0.png" : 98,
"fire_layer_1.png" : 99,
"flower_allium.png" : 100,
"flower_blue_orchid.png" : 101,
"flower_dandelion.png" : 102,
"flower_houstonia.png" : 103,
"flower_oxeye_daisy.png" : 104,
"flower_paeonia.png" : 105,
"flower_pot.png" : 106,
"flower_rose.png" : 107,
"flower_tulip_orange.png" : 108,
"flower_tulip_pink.png" : 109,
"flower_tulip_red.png" : 110,
"flower_tulip_white.png" : 111,
"furnace_front_off.png" : 112,
"furnace_front_on.png" : 113,
"furnace_side.png" : 114,
"furnace_top.png" : 115,
"glass.png" : 116,
"glass_black.png" : 117,
"glass_blue.png" : 118,
"glass_brown.png" : 119,
"glass_cyan.png" : 120,
"glass_gray.png" : 121,
"glass_green.png" : 122,
"glass_light_blue.png" : 123,
"glass_lime.png" : 124,
"glass_magenta.png" : 125,
"glass_orange.png" : 126,
"glass_pane_top.png" : 127,
"glass_pane_top_black.png" : 128,
"glass_pane_top_blue.png" : 129,
"glass_pane_top_brown.png" : 130,
"glass_pane_top_cyan.png" : 131,
"glass_pane_top_gray.png" : 132,
"glass_pane_top_green.png" : 133,
"glass_pane_top_light_blue.png" : 134,
"glass_pane_top_lime.png" : 135,
"glass_pane_top_magenta.png" : 136,
"glass_pane_top_orange.png" : 137,
"glass_pane_top_pink.png" : 138,
"glass_pane_top_purple.png" : 139,
"glass_pane_top_red.png" : 140,
"glass_pane_top_silver.png" : 141,
"glass_pane_top_white.png" : 142,
"glass_pane_top_yellow.png" : 143,
"glass_pink.png" : 144,
"glass_purple.png" : 145,
"glass_red.png" : 146,
"glass_silver.png" : 147,
"glass_white.png" : 148,
"glass_yellow.png" : 149,
"glowstone.png" : 150,
"gold_block.png" : 151,
"gold_ore.png" : 152,
"grass_side.png" : 153,
"grass_side_overlay.png" : 154,
"grass_side_snowed.png" : 155,
"grass_top.png" : 156,
"gravel.png" : 157,
"hardened_clay.png" : 158,
"hardened_clay_stained_black.png" : 159,
"hardened_clay_stained_blue.png" : 160,
"hardened_clay_stained_brown.png" : 161,
"hardened_clay_stained_cyan.png" : 162,
"hardened_clay_stained_gray.png" : 163,
"hardened_clay_stained_green.png" : 164,
"hardened_clay_stained_light_blue.png" : 165,
"hardened_clay_stained_lime.png" : 166,
"hardened_clay_stained_magenta.png" : 167,
"hardened_clay_stained_orange.png" : 168,
"hardened_clay_stained_pink.png" : 169,
"hardened_clay_stained_purple.png" : 170,
"hardened_clay_stained_red.png" : 171,
"hardened_clay_stained_silver.png" : 172,
"hardened_clay_stained_white.png" : 173,
"hardened_clay_stained_yellow.png" : 174,
"hay_block_side.png" : 175,
"hay_block_top.png" : 176,
"hopper_inside.png" : 177,
"hopper_outside.png" : 178,
"hopper_top.png" : 179,
"ice.png" : 180,
"ice_packed.png" : 181,
"iron_bars.png" : 182,
"iron_block.png" : 183,
"iron_ore.png" : 184,
"itemframe_background.png" : 185,
"jukebox_side.png" : 186,
"jukebox_top.png" : 187,
"ladder.png" : 188,
"lapis_block.png" : 189,
"lapis_ore.png" : 190,
"lava_flow.png" : 191,
"lava_still.png" : 192,
"leaves_acacia.png" : 193,
"leaves_acacia_opaque.png" : 194,
"leaves_big_oak.png" : 195,
"leaves_big_oak_opaque.png" : 196,
"leaves_birch.png" : 197,
"leaves_birch_opaque.png" : 198,
"leaves_jungle.png" : 199,
"leaves_jungle_opaque.png" : 200,
"leaves_oak.png" : 201,
"leaves_oak_opaque.png" : 202,
"leaves_spruce.png" : 203,
"leaves_spruce_opaque.png" : 204,
"lever.png" : 205,
"log_acacia.png" : 206,
"log_acacia_top.png" : 207,
"log_big_oak.png" : 208,
"log_big_oak_top.png" : 209,
"log_birch.png" : 210,
"log_birch_top.png" : 211,
"log_jungle.png" : 212,
"log_jungle_top.png" : 213,
"log_oak.png" : 214,
"log_oak_top.png" : 215,
"log_spruce.png" : 216,
"log_spruce_top.png" : 217,
"melon_side.png" : 218,
"melon_stem_connected.png" : 219,
"melon_stem_disconnected.png" : 220,
"melon_top.png" : 221,
"mob_spawner.png" : 222,
"mushroom_block_inside.png" : 223,
"mushroom_block_skin_brown.png" : 224,
"mushroom_block_skin_red.png" : 225,
"mushroom_block_skin_stem.png" : 226,
"mushroom_brown.png" : 227,
"mushroom_red.png" : 228,
"mycelium_side.png" : 229,
"mycelium_top.png" : 230,
"netherrack.png" : 231,
"nether_brick.png" : 232,
"nether_wart_stage_0.png" : 233,
"nether_wart_stage_1.png" : 234,
"nether_wart_stage_2.png" : 235,
"noteblock.png" : 236,
"obsidian.png" : 237,
"piston_bottom.png" : 238,
"piston_inner.png" : 239,
"piston_side.png" : 240,
"piston_top_normal.png" : 241,
"piston_top_sticky.png" : 242,
"planks_acacia.png" : 243,
"planks_big_oak.png" : 244,
"planks_birch.png" : 245,
"planks_jungle.png" : 246,
"planks_oak.png" : 247,
"planks_spruce.png" : 248,
"portal.png" : 249,
"potatoes_stage_0.png" : 250,
"potatoes_stage_1.png" : 251,
"potatoes_stage_2.png" : 252,
"potatoes_stage_3.png" : 253,
"pumpkin_face_off.png" : 254,
"pumpkin_face_on.png" : 255,
"pumpkin_side.png" : 256,
"pumpkin_stem_connected.png" : 257,
"pumpkin_stem_disconnected.png" : 258,
"pumpkin_top.png" : 259,
"quartz_block_bottom.png" : 260,
"quartz_block_chiseled.png" : 261,
"quartz_block_chiseled_top.png" : 262,
"quartz_block_lines.png" : 263,
"quartz_block_lines_top.png" : 264,
"quartz_block_side.png" : 265,
"quartz_block_top.png" : 266,
"quartz_ore.png" : 267,
"rail_activator.png" : 268,
"rail_activator_powered.png" : 269,
"rail_detector.png" : 270,
"rail_detector_powered.png" : 271,
"rail_golden.png" : 272,
"rail_golden_powered.png" : 273,
"rail_normal.png" : 274,
"rail_normal_turned.png" : 275,
"redstone_block.png" : 276,
"redstone_dust_cross.png" : 277,
"redstone_dust_cross_overlay.png" : 278,
"redstone_dust_line.png" : 279,
"redstone_dust_line_overlay.png" : 280,
"redstone_lamp_off.png" : 281,
"redstone_lamp_on.png" : 282,
"redstone_ore.png" : 283,
"redstone_torch_off.png" : 284,
"redstone_torch_on.png" : 285,
"red_sand.png" : 286,
"reeds.png" : 287,
"repeater_off.png" : 288,
"repeater_on.png" : 289,
"sand.png" : 290,
"sandstone_bottom.png" : 291,
"sandstone_carved.png" : 292,
"sandstone_normal.png" : 293,
"sandstone_smooth.png" : 294,
"sandstone_top.png" : 295,
"sapling_acacia.png" : 296,
"sapling_birch.png" : 297,
"sapling_jungle.png" : 298,
"sapling_oak.png" : 299,
"sapling_roofed_oak.png" : 300,
"sapling_spruce.png" : 301,
"snow.png" : 302,
"soul_sand.png" : 303,
"sponge.png" : 304,
"stone.png" : 305,
"stonebrick.png" : 306,
"stonebrick_carved.png" : 307,
"stonebrick_cracked.png" : 308,
"stonebrick_mossy.png" : 309,
"stone_slab_side.png" : 310,
"stone_slab_top.png" : 311,
"tallgrass.png" : 312,
"tnt_bottom.png" : 313,
"tnt_side.png" : 314,
"tnt_top.png" : 315,
"torch_on.png" : 316,
"trapdoor.png" : 317,
"trip_wire.png" : 318,
"trip_wire_source.png" : 319,
"vine.png" : 320,
"waterlily.png" : 321,
"water_flow.png" : 322,
"water_still.png" : 323,
"web.png" : 324,
"wheat_stage_0.png" : 325,
"wheat_stage_1.png" : 326,
"wheat_stage_2.png" : 327,
"wheat_stage_3.png" : 328,
"wheat_stage_4.png" : 329,
"wheat_stage_5.png" : 330,
"wheat_stage_6.png" : 331,
"wheat_stage_7.png" : 332,
"wool_colored_black.png" : 333,
"wool_colored_blue.png" : 334,
"wool_colored_brown.png" : 335,
"wool_colored_cyan.png" : 336,
"wool_colored_gray.png" : 337,
"wool_colored_green.png" : 338,
"wool_colored_light_blue.png" : 339,
"wool_colored_lime.png" : 340,
"wool_colored_magenta.png" : 341,
"wool_colored_orange.png" : 342,
"wool_colored_pink.png" : 343,
"wool_colored_purple.png" : 344,
"wool_colored_red.png" : 345,
"wool_colored_silver.png" : 346,
"wool_colored_white.png" : 347,
"wool_colored_yellow.png" : 348
}
}
